,num_pos_pts,num_neg_pts,iou
fern,9,1,0.8425492953397541
flower,12,1,0.9684292529979491
fortress,7,2,0.970006573403822
horns_center,5,1,0.9697867515447411
horns_left,3,2,0.9576241505417799
leaves,3,2,0.9552490085548531
orchids,4,1,0.7134792436187221
trex,5,1,0.8521577776615196
